{
  "ortho_params": {
    "scale": 200,
    "x_min": -2.5210299491882324,
    "y_max": 2.9139957427978516,
    "width": 1191,
    "height": 958
  },
  "perspective_M": [
    [
      1.0246058778483147,
      0.023154936610426436,
      -37.40203948666694
    ],
    [
      0.0057742003999660466,
      1.0249205690539804,
      -14.391598132290262
    ],
    [
      6.090928629816203e-06,
      1.909181187479492e-05,
      1.0
    ]
  ],
  "pre_rotation_size": [
    1153,
    948
  ],
  "rotate_ccw_90": true,
  "aligned_size": [
    948,
    1153
  ]
}