{
  "ortho_params": {
    "scale": 200,
    "x_min": -2.5210299491882324,
    "y_max": 2.9139957427978516,
    "width": 1191,
    "height": 958
  },
  "perspective_M": [
    [
      0.9902702278876565,
      -0.20339108031580386,
      8.630426821564305
    ],
    [
      -0.029603275906614428,
      0.7336261193256927,
      55.410380249878294
    ],
    [
      5.4445252603291445e-05,
      -0.0002637599531045515,
      1.0
    ]
  ],
  "pre_rotation_size": [
    1136,
    913
  ],
  "rotate_ccw_90": true,
  "aligned_size": [
    913,
    1136
  ]
}